故障码,故障来源,故障级别,故障名称,触发条件,处理方式,异常命名,处理动作,实现期,降功率档,信号源,参数Key
0x1101,安全系统,故障级,急停触发,急停命令(0x03)或急停按钮,立即停机进入安全态,ESTOP,STOP_POWER,0,0,ctrl_cmd ESTOP,-
0x1102,安全系统,故障级,硬限位触发,硬限位开关动作,立即停机动态刹车,HARD_LIMIT,STOP_BRAKE,0,0,无(无限位开关输入),-
0x1201,安全系统,异常级,软限位触发,位置超出软件限位范围,停止运动允许反向运动,SOFT_LIMIT,CLAMP_POS,0,0,position_rad,soft_limit_min/max_rad
0x1202,安全系统,异常级,碰撞检测触发,iq突增超出碰撞阈值(无力传感器用电流观测),立即停机动态刹车,COLLISION,STOP_BRAKE,0,0,iq观测,collision_iq_A
0x1301,安全系统,警告级,接近软限位,位置距离软限位<warn_deg,减速运行,NEAR_SOFT_LIMIT,DERATE,0,2,position_rad,soft_limit_warn_deg
0x2101,电源系统,故障级,电源反接,电源极性错误,立即切断电源禁止操作,REVERSE_PWR,STOP_POWER,0,0,无(无极性检测电路),-
0x2102,电源系统,故障级,母线过压,母线电压>过压阈值,立即停机动态刹车,VBUS_OVER,STOP_BRAKE,1,0,v_bus,protect_over_voltage
0x2103,电源系统,故障级,母线欠压,母线电压<欠压阈值(仅使能后检测),立即停机动态刹车,VBUS_UNDER,STOP_BRAKE,1,0,v_bus,protect_under_voltage
0x2104,电源系统,故障级,母线过流,母线电流>ibus_over_A,立即停机切断电源,IBUS_OVER,STOP_POWER,1,0,i_bus,ibus_over_A
0x2105,电源系统,故障级,母线电压采样异常,VBUS采样持续无效(为0或超量程),立即停机(电压保护已失效),VBUS_SAMPLE,STOP_BRAKE,0,0,v_bus采样有效性,vbus_invalid_ms
0x2201,电源系统,异常级,母线过压(中度),母线电压>中度阈值且<故障阈值,降功率运行,VBUS_OVER_MID,DERATE,0,1,v_bus,ov_mid_v
0x2202,电源系统,异常级,母线欠压(中度),母线电压<中度阈值且>故障阈值,降功率运行,VBUS_UNDER_MID,DERATE,0,1,v_bus,uv_mid_v
0x2203,电源系统,异常级,长时间过流,母线电流>持续阈值持续ibus_cont_time_s,降功率运行,IBUS_CONT,DERATE,1,2,i_bus,ibus_cont_A/ibus_cont_time_s
0x2204,电源系统,异常级,电池低电量,电池电量<10%,降功率运行,BATT_LOW,DERATE,1,2,无(非电池供电),-
0x2301,电源系统,警告级,电源效率下降,电源转换效率<90%,记录日志,PWR_EFF_LOW,LOG,0,0,power_elec/power_mech,-
0x2302,电源系统,警告级,电池循环次数预警,电池循环次数>设计值80%,记录日志,BATT_CYCLE,LOG,0,0,无(非电池供电),-
0x2303,电源系统,警告级,母线电压波动,电压峰峰值波动>5%额定值,记录日志,VBUS_RIPPLE,LOG,0,0,v_bus,vbus_ripple_pct
0x3101,驱动器,故障级,硬件短路保护,nFAULT拉低(硬件OCP/UVLO/TSD)持续超过消抖时间,立即停机切断电源,GATE_NFAULT,STOP_POWER,1,0,nFAULT GPIO,gate_fault_confirm_ms
0x3102,驱动器,故障级,峰值电流过载,相电流矢量幅值(id²+iq²开方)>过流阈值,立即停机动态刹车,I_OVER_PEAK,STOP_BRAKE,1,0,id/iq,protect_over_current
0x3103,驱动器,故障级,累计热量过载,驱动器热积分(I²t)>保护阈值,立即停机动态刹车,THERMAL_INT,STOP_BRAKE,0,0,temp_fet热积分,thermal_i2t_limit
0x3104,驱动器,故障级,DRV芯片初始化错误,驱动芯片SPI写入回读校验失败,立即停机切断电源,DRV_INIT,STOP_POWER,0,0,ctrl1_readback,-
0x3105,驱动器,故障级,A相电流采样错误,A相采样值超出量程范围,立即停机切断电源,IA_RANGE,STOP_POWER,0,0,ia,adc_range_pct
0x3106,驱动器,故障级,B相电流采样错误,B相采样值超出量程范围,立即停机切断电源,IB_RANGE,STOP_POWER,0,0,ib,adc_range_pct
0x3107,驱动器,故障级,C相电流采样错误,C相采样值超出量程范围,立即停机切断电源,IC_RANGE,STOP_POWER,0,0,ic,adc_range_pct
0x3108,驱动器,故障级,MCU/FPGA故障,主控硬件自检失败(外设初始化失败),立即停机切断电源,MCU_SELFTEST,STOP_POWER,0,0,外设init失败,-
0x3201,驱动器,异常级,驱动器过温,MOSFET结温>temp_fet_over_d,降功率运行,FET_OVER_TEMP,DERATE,0,2,temp_fet,temp_fet_over_d
0x3202,驱动器,异常级,驱动器低温,MOSFET结温<temp_under_d,禁止运行等待预热,FET_UNDER_TEMP,DENY,0,0,temp_fet,temp_under_d
0x3203,驱动器,异常级,PWM占空比饱和,占空比>duty_satur_pct持续duty_satur_time_s,降功率运行,DUTY_SATUR,DERATE,0,1,duty_a/b/c,duty_satur_pct/duty_satur_time_s
0x3204,驱动器,异常级,再生能量过载,母线电压持续升高>阈值,开启制动电阻泄能,REGEN_OVER,DERATE,0,1,无(无制动电阻;由中度过压涵盖),-
0x3205,驱动器,异常级,驱动器温度采样异常,NTC采样电压超有效范围(开路/短路),停机待查(温度保护已失效),FET_TEMP_SAMPLE,STOP_IDLE,0,0,temp_fet采样有效性,ntc_range_v
0x3301,驱动器,警告级,驱动波形畸变,电流纹波比>阈值(原THD判据修订),记录日志,I_RIPPLE,LOG,0,0,ia/ib/ic纹波,i_ripple_pct
0x3302,驱动器,警告级,风扇故障,风扇转速为0且温度>50℃,记录日志,FAN_FAULT,LOG,0,0,无(无风扇),-
0x3303,驱动器,警告级,驱动器温度预警,MOSFET结温>过温阈值-temp_warn_offset_d,记录日志,FET_TEMP_WARN,LOG,0,0,temp_fet,temp_warn_offset_d
0x4101,电机本体,故障级,电机过温熔断,绕组温度>temp_motor_over_d,立即停机动态刹车,MOTOR_OVER_TEMP,STOP_BRAKE,0,0,temp_motor,temp_motor_over_d
0x4102,电机本体,故障级,相间短路,任意两相电阻<0.1Ω(维护模式静态测量),立即停机切断电源,PHASE_SHORT,STOP_POWER,0,0,无(需静态电阻测量),-
0x4103,电机本体,故障级,电机对地短路,绕组对地绝缘电阻<1MΩ(维护模式),立即停机切断电源,GND_SHORT,STOP_POWER,0,0,无(需绝缘检测电路),-
0x4104,电机本体,故障级,电机断路,任意一相电阻>100Ω(维护模式静态测量),立即停机切断电源,PHASE_OPEN,STOP_POWER,0,0,无(需静态电阻测量),-
0x4105,电机本体,故障级,电机过载,额定扭矩持续输出>overload_time_s,立即停机动态刹车,MOTOR_OVERLOAD,STOP_BRAKE,0,0,torque_est,overload_time_s
0x4106,电机本体,故障级,电机超速,机械角速度>protect_over_speed(软件判据),立即停机动态刹车,MOTOR_OVER_SPEED,STOP_BRAKE,1,0,velocity_rad_s,protect_over_speed
0x4201,电机本体,异常级,三相不平衡,三相电流峰值偏差>i_unbalance_pct,降功率运行,I_UNBALANCE,DERATE,0,2,ia/ib/ic,i_unbalance_pct
0x4202,电机本体,异常级,电机堵转,速度<stall_vel且电流>stall_current持续stall_time_s,立即停机(可清障恢复),MOTOR_STALL,STOP_IDLE,1,0,velocity/iq,stall_vel/stall_current/stall_time_s
0x4203,电机本体,异常级,磁钢退磁,反电动势系数下降>flux_drop_pct(需在线观测),降功率运行,DEMAG,DERATE,0,1,flux观测,flux_drop_pct
0x4204,电机本体,异常级,绕组过热,绕组温度>temp_motor_hot_d,降功率运行,WINDING_HOT,DERATE,0,2,temp_motor,temp_motor_hot_d
0x4205,电机本体,异常级,电机温度采样异常,NTC采样电压超有效范围(开路/短路),停机待查(温度保护已失效),MOTOR_TEMP_SAMPLE,STOP_IDLE,0,0,temp_motor采样有效性,ntc_range_v
0x4301,电机本体,警告级,电机效率下降,电机运行效率<85%,记录日志,MOTOR_EFF_LOW,LOG,0,0,power_mech/power_elec,-
0x4302,电机本体,警告级,电机温度预警,绕组温度>过热阈值-temp_warn_offset_d,记录日志,MOTOR_TEMP_WARN,LOG,0,0,temp_motor,temp_warn_offset_d
0x5101,编码器/传感器,故障级,绝对位置丢失,编码器无有效位置数据(mg INVALID),立即停机动态刹车,ENC_POS_LOST,STOP_BRAKE,0,0,mg_state,-
0x5102,编码器/传感器,故障级,磁编码器消磁,磁场强度<最低工作阈值(mg TOO_WEAK),立即停机切断电源,ENC_DEMAG,STOP_POWER,0,0,mg_state,-
0x5103,编码器/传感器,故障级,霍尔传感器错误,霍尔信号组合异常,立即停机动态刹车,HALL_ERR,STOP_BRAKE,0,0,无(SSI接口无霍尔),-
0x5104,编码器/传感器,故障级,位置数据跳变,单周期位置跳变>pos_jump_deg,立即停机动态刹车,ENC_JUMP,STOP_BRAKE,0,0,mech_angle,pos_jump_deg
0x5105,编码器/传感器,故障级,编码器通讯中断,连续enc_err_frames帧CRC校验失败,立即停机动态刹车,ENC_COMM_LOST,STOP_BRAKE,0,0,err_cnt,enc_err_frames
0x5106,编码器/传感器,故障级,力传感器故障,力传感器无输出或输出饱和,立即停机动态刹车,FORCE_SENSOR,STOP_BRAKE,0,0,无(无力传感器),-
0x5201,编码器/传感器,异常级,多圈计数溢出,多圈计数器超出范围,提示重新标定零点,MULTITURN_OVF,RECAL,0,0,multiturn,-
0x5202,编码器/传感器,异常级,信号相位偏移,AB相位差偏离90°±5°,降精度运行,AB_PHASE,LOG,0,0,无(SSI接口无ABZ),-
0x5203,编码器/传感器,异常级,零位偏移,零位偏差>0.5°(需标定基准),提示重新标定零点,ZERO_OFFSET,RECAL,0,0,标定基准比较,-
0x5204,编码器/传感器,异常级,编码器过热,编码器芯片温度>80℃,降功率运行,ENC_HOT,DERATE,0,1,无(编码器无温度输出),-
0x5205,编码器/传感器,异常级,力传感器过载,力值>120%额定值,降功率运行,FORCE_OVER,DERATE,0,2,无(无力传感器),-
0x5301,编码器/传感器,警告级,分辨率降级,编码器信号信噪比下降,记录日志,ENC_SNR,LOG,0,0,无(SNR不可测),-
0x5302,编码器/传感器,警告级,轻微零位偏移,零位偏差>0.1°且<0.5°(需基准),记录日志,ZERO_OFFSET_MIN,LOG,0,0,无(需基准),-
0x5303,编码器/传感器,警告级,编码器温度预警,编码器芯片温度>65℃,记录日志,ENC_TEMP_WARN,LOG,0,0,无(编码器无温度输出),-
0x6101,机械传动系统,故障级,减速器卡死,输出轴无法转动且电流饱和(需输出端编码器),立即停机切断电源,GEAR_STUCK,STOP_POWER,0,0,无(单编码器无法与堵转区分),-
0x6102,机械传动系统,故障级,轴承损坏,振动加速度>20g,立即停机切断电源,BEARING,STOP_POWER,0,0,无(无振动传感器),-
0x6103,机械传动系统,故障级,齿轮断齿,扭矩波动系数>torque_ripple_pct,立即停机切断电源,GEAR_TOOTH,STOP_POWER,0,0,torque_est波动,torque_ripple_pct
0x6201,机械传动系统,异常级,减速器回程间隙过大,回程间隙>6arcmin(维护模式标定),降精度运行,BACKLASH,LOG,0,0,无(需维护模式标定),-
0x6202,机械传动系统,异常级,润滑脂老化,累计运行时间>lube_hours,提醒更换润滑脂,LUBE_AGE,LOG,0,0,RUN态累计时长,lube_hours
0x6203,机械传动系统,异常级,紧固件松动,振动加速度>10g,降功率运行,FASTENER_LOOSE,DERATE,0,1,无(无振动传感器),-
0x6301,机械传动系统,警告级,减速器磨损预警,回程间隙>3arcmin(维护模式标定),记录日志,GEAR_WEAR,LOG,0,0,无(需维护模式标定),-
0x6302,机械传动系统,警告级,振动异常,振动加速度>5g,记录日志,VIBRATION,LOG,0,0,无(无振动传感器),-
0x7101,抱闸/刹车系统,故障级,抱闸打开失败,抱闸指令发出后仍检测到制动扭矩,立即停机切断电源,BRAKE_OPEN_FAIL,STOP_POWER,0,0,无(无抱闸硬件),-
0x7102,抱闸/刹车系统,故障级,抱闸闭合失败,抱闸指令发出后无制动扭矩,立即停机切断电源,BRAKE_CLOSE_FAIL,STOP_POWER,0,0,无(无抱闸硬件),-
0x7103,抱闸/刹车系统,故障级,抱闸过热,抱闸线圈温度>100℃,立即停机切断电源,BRAKE_HOT,STOP_POWER,0,0,无(无抱闸硬件),-
0x7201,抱闸/刹车系统,异常级,抱闸磨损,抱闸间隙>设计最大值,提醒调整抱闸间隙,BRAKE_WEAR,LOG,0,0,无(无抱闸硬件),-
0x7202,抱闸/刹车系统,异常级,抱闸电流异常,抱闸工作电流超出范围,降功率运行,BRAKE_I_AB,DERATE,0,1,无(无抱闸硬件),-
0x7301,抱闸/刹车系统,警告级,抱闸寿命预警,抱闸动作次数>设计值80%,记录日志,BRAKE_LIFE,LOG,0,0,无(无抱闸硬件),-
0x8101,软件与算法,故障级,看门狗超时,独立看门狗触发复位(复位后由RCC标志补录),系统复位,WDT_RESET,RESET,0,0,RCC CSR复位标志,-
0x8102,软件与算法,故障级,关键任务死锁,关键任务调度超时>task_timeout_ms,系统复位,TASK_DEADLOCK,RESET,0,0,线程调度监测,task_timeout_ms
0x8103,软件与算法,故障级,内存错误,内存访问越界或校验失败,系统复位,MEM_ERR,RESET,0,0,MPU/栈canary,-
0x8104,软件与算法,故障级,FLASH错误,FLASH读写或校验失败,系统复位,FLASH_ERR,RESET,0,0,flash驱动返回值,-
0x8105,软件与算法,故障级,参数越界,控制参数超出安全范围,拒绝写入(加载失败时停机),PARAM_RANGE,DENY,0,0,参数校验失败,-
0x8106,软件与算法,故障级,回零错误,回零过程超时或失败,立即停机动态刹车,HOMING_ERR,STOP_BRAKE,0,0,无(HOMING未实现),-
0x8107,软件与算法,故障级,固件校验错误,固件CRC校验失败,系统复位,FW_CRC,RESET,0,0,无(bootloader职责),-
0x8108,软件与算法,故障级,跟随误差过大,位置跟随误差>protect_pos_error,立即停机动态刹车,FOLLOW_ERR,STOP_BRAKE,0,0,pos_ref-pos,protect_pos_error
0x8109,软件与算法,故障级,未标定运行,电机未完成标定就尝试使能运行,禁止运行,NOT_CALIB,DENY,1,0,标定状态块,-
0x810A,软件与算法,故障级,算法发散,控制量或反馈出现NaN/Inf或持续发散,立即停机动态刹车,ALGO_DIVERGE,STOP_BRAKE,0,0,id/iq/vel/vbus有限性,-
0x8201,软件与算法,异常级,轨迹规划超限,目标位置超出软限位,截断轨迹至安全范围,TRAJ_CLAMP,CLAMP_POS,0,0,ref.pos,soft_limit_min/max_rad
0x8202,软件与算法,异常级,运行模式错误,非法的运行模式切换,保持当前安全模式,MODE_INVALID,LOG,0,0,状态机拒绝转移,-
0x8203,软件与算法,异常级,单位转换错误,单位转换计算失败,使用默认单位,UNIT_ERR,LOG,0,0,无(难界定),-
0x8204,软件与算法,异常级,非关键任务超时,非关键任务执行超时,重启该任务,TASK_TIMEOUT_SLOW,LOG,0,0,线程调度监测,task_timeout_ms
0x8205,软件与算法,异常级,参数存储器读写错误,EEPROM读写校验失败,记录日志(保存命令NACK),EEPROM_ERR,LOG,0,0,EEPROM驱动返回值,-
0x8301,软件与算法,警告级,算法收敛延迟,控制算法收敛时间>100ms,记录日志,CONV_SLOW,LOG,0,0,无(难界定),-
0x8302,软件与算法,警告级,日志存储满,日志缓冲区已满,覆盖最早日志,LOG_FULL,LOG,0,0,无(无日志系统),-
0x8303,软件与算法,警告级,参数漂移,参数值偏离出厂值>10%,记录日志,PARAM_DRIFT,LOG,0,0,出厂值快照,-
0x9101,通信系统,故障级,总线死锁,CAN总线无法收发数据>1s,尝试总线复位失败则安全停机,BUS_DEAD,STOP_IDLE,0,0,CAN收发超时,-
0x9102,通信系统,故障级,主节点失联,连续1s无主节点心跳包,安全停机,HOST_LOST,STOP_IDLE,0,0,CAN loss timer,can_loss_timeout_ms
0x9103,通信系统,故障级,物理层损坏,CAN控制器进入Bus-Off状态,立即停机切断电源,BUS_OFF,STOP_POWER,0,0,CAN错误计数器,-
0x9201,通信系统,异常级,总线过载,总线负载率>80%,降低非关键数据发送频率,BUS_LOAD_HI,LOG,0,0,发送统计,-
0x9202,通信系统,异常级,帧错误,连续uart_err_frames帧校验/帧错误(UART通道;CAN由硬件CRC过滤),重新协商或切换通道,FRAME_ERR,LOG,0,0,UART错误计数,uart_err_frames
0x9203,通信系统,异常级,帧丢失,关键数据丢包率>5%,重发关键数据,FRAME_LOSS,LOG,0,0,心跳序列计数,-
0x9301,通信系统,警告级,CRC错误率上升,CRC错误率>1%,记录日志,CRC_RATE,LOG,0,0,通信统计,-
0x9302,通信系统,警告级,仲裁冲突频发,总线仲裁冲突>10次/秒,记录日志,ARB_LOSS,LOG,0,0,无(bxCAN无仲裁计数),-
0x9303,通信系统,警告级,总线负载预警,总线负载率>60%,记录日志,BUS_LOAD_WARN,LOG,0,0,发送统计,-
0xA101,环境因素,故障级,过湿短路,相对湿度>95%且绝缘电阻下降,立即停机切断电源,HUMIDITY,STOP_POWER,0,0,无(无湿度传感器),-
0xA102,环境因素,故障级,强电磁干扰,EMC干扰导致数据错误率>50%,立即停机切断电源,EMC,STOP_POWER,0,0,无(由CRC率间接反映9301),-
0xA201,环境因素,异常级,气压异常,气压超出工作范围,降功率运行,PRESSURE,DERATE,0,1,无(无气压传感器),-
0xA202,环境因素,异常级,环境过振,环境振动加速度>10g,降功率运行,ENV_VIB,DERATE,0,2,无(无振动传感器),-
0xA203,环境因素,异常级,环境温度过高,环境温度>env_hot_d(MCU温度近似),降功率运行,ENV_HOT,DERATE,0,1,temp_mcu,env_hot_d
0xA204,环境因素,异常级,环境温度过低,环境温度<env_cold_d(MCU温度近似),预热后再运行,ENV_COLD,DENY,0,0,temp_mcu,env_cold_d
0xA301,环境因素,警告级,轻度气压异常,气压接近工作范围边界,记录日志,PRESSURE_WARN,LOG,0,0,无(无气压传感器),-
0xA302,环境因素,警告级,环境温度预警,环境温度>40℃或<0℃(MCU近似),记录日志,ENV_TEMP_WARN,LOG,0,0,temp_mcu,-
