id,param_name,description,group,access,data_type,array_size,default_value,unit,min_value,max_value,notes
1,motor_id,电机实例ID,MotorInstance,RW,uint8_t,1,1,,0,127,多电机系统的唯一节点地址 0保留为广播
2,motor_name,电机名称字符串,MotorInstance,RW,char,16,0,,0,0,16字节电机名称字符串
3,r,定子相电阻,MotorConfig,RW,float,1,3.6,ohm,0.001,10,FOC算法核心参数
4,ld,d轴定子电感,MotorConfig,RW,float,1,0.0048,H,1e-05,0.01,
5,lq,q轴定子电感,MotorConfig,RW,float,1,0.0048,H,1e-05,0.01,
6,flux,永磁体磁链,MotorConfig,RW,float,1,0.02,Wb,0.0001,0.1,
7,kt,转矩常数,MotorConfig,RW,float,1,0.21,Nm/A,0.01,10,
8,pole_pairs,极对数,MotorConfig,RW,uint8_t,1,7,,1,64,
9,rated_current,电机额定电流,MotorConfig,RW,float,1,0.6,A,0.1,100,
10,peak_current,电机峰值电流,MotorConfig,RW,float,1,3.7,A,0.1,200,
11,max_speed,电机最大转速,MotorConfig,RW,float,1,200,rad/s,10,1000,
12,dead_time_ns,PWM死区时间,MotorConfig,RW,float,1,500,ns,100,2000,
13,rated_voltage,电机额定电压,MotorConfig,RW,float,1,24,V,12,100,额定直流母线电压
14,rated_speed_rpm,电机额定转速,MotorConfig,RW,float,1,1550,rpm,100,20000,
15,rated_torque,电机额定转矩,MotorConfig,RW,float,1,0.2,Nm,0.1,100,连续输出转矩
16,peak_torque,电机峰值转矩,MotorConfig,RW,float,1,0.5,Nm,0.1,300,最大瞬时转矩
17,inertia,转子转动惯量,MotorConfig,RW,float,1,1e-05,kg*m2,1e-07,0.01,电机转子转动惯量
18,ke,反电动势常数,MotorConfig,RW,float,1,0.14,V/(rad/s),0.001,1,反电动势常数 ke = flux * 极对数
19,pwm_freq_hz,PWM载波频率,MotorConfig,RW,uint32_t,1,20000,Hz,5000,100000,PWM开关频率
20,foc_freq_hz,FOC控制频率,MotorConfig,RW,uint32_t,1,20000,Hz,1000,100000,磁场定向控制执行频率
21,gear_ratio,减速器减速比,GearboxConfig,RW,float,1,100,,1,1000,减速比 = 电机转速 / 输出转速
22,gear_efficiency,减速器效率,GearboxConfig,RW,float,1,0.85,,0.1,1,传动效率，范围0~1
23,output_torque_const,输出转矩常数,GearboxConfig,RW,float,1,10,Nm/A,0.1,1000,输出转矩常数 = kt * 减速比 * 效率
24,gear_backlash,减速器回程间隙,GearboxConfig,RW,float,1,0.01,rad,0,0.5,机械回程间隙
25,enc_lines,编码器分辨率,EncoderConfig,RW,uint32_t,1,4000,CPR,100,1e+06,每转计数
26,enc_direction,编码器计数方向,EncoderConfig,RW,int8_t,1,1,,-1,1,"1=正向, -1=反向"
27,enc_offset,编码器初始位置偏移,EncoderConfig,RW,float,1,0,deg,-360.0,360.0,
28,elec_angle_bias,电角度偏移,EncoderConfig,RW,float,1,0,rad,-3.1416,3.1416,校准后自动保存
29,pos_filter_alpha,位置滤波系数,EncoderConfig,RW,float,1,0.1,,0,1,一阶低通滤波系数
30,enc_type,编码器类型,EncoderConfig,RW,uint8_t,1,0,,0,10,"0=ABZ增量式,1=SPI绝对值,2=BiSS-C,3=霍尔"
31,enc_auto_calib,编码器自动校准,EncoderConfig,RW,uint8_t,1,1,,0,1,"0=禁用, 1=启用自动校准"
32,speed_obs_gain,速度观测器增益,EncoderConfig,RW,float,1,100,,1,1000,龙伯格/滑模观测器增益
33,multiturn_enable,多圈位置使能,PositionConfig,RW,uint8_t,1,1,,0,1,"0=单圈, 1=多圈位置跟踪"
34,pos_min_limit,软件位置负限位,PositionConfig,RW,float,1,-12.566,rad,-1000,0,软件负限位
35,pos_max_limit,软件位置正限位,PositionConfig,RW,float,1,12.566,rad,0,1000,软件正限位
36,limit_sw_enable,硬件限位开关使能,PositionConfig,RW,uint8_t,1,0,,0,1,"0=禁用, 1=启用硬件限位"
37,homing_method,回零方式选择,HomingConfig,RW,uint8_t,1,0,,0,10,"0=无,1=索引信号,2=限位开关,3=硬停止"
38,homing_speed_fast,回零快速速度,HomingConfig,RW,float,1,5,rad/s,0.1,50,回零接近速度
39,homing_speed_slow,回零慢速速度,HomingConfig,RW,float,1,0.5,rad/s,0.01,5,回零精确速度
40,homing_offset,零点位置偏移,HomingConfig,RW,float,1,0,rad,-6.283,6.283,限位开关到零点的偏移
41,homing_current,回零电流限制,HomingConfig,RW,float,1,2,A,0.1,20,硬停止回零时的电流
42,current_kp_d,d轴电流比例增益,CurrentLoop,RW,float,1,0.5,V/A,0,100,
43,current_ki_d,d轴电流积分增益,CurrentLoop,RW,float,1,10,V/(A*s),0,1000,
44,current_kp_q,q轴电流比例增益,CurrentLoop,RW,float,1,0.5,V/A,0,100,
45,current_ki_q,q轴电流积分增益,CurrentLoop,RW,float,1,10,V/(A*s),0,1000,
46,current_integral_limit,电流积分限幅,CurrentLoop,RW,float,1,10,V,0,100,
47,decoupling_gain,DQ交叉解耦增益,CurrentLoop,RW,float,1,1,,0,1,
48,deadtime_comp_v,死区补偿电压,CurrentLoop,RW,float,1,0,V,0,5,
49,pwm_max_duty,PWM最大占空比,CurrentLoop,RW,float,1,0.9,,0.5,0.95,
50,current_bandwidth_hz,电流环带宽,CurrentLoop,RW,float,1,500,Hz,100,5000,电流环闭环带宽
51,current_filter_alpha,电流采样滤波系数,CurrentLoop,RW,float,1,0.1,,0,1,电流采样低通滤波系数
52,d_feedforward_gain,d轴前馈增益,CurrentLoop,RW,float,1,1,,0,2,d轴电压前馈补偿
53,q_feedforward_gain,q轴前馈增益,CurrentLoop,RW,float,1,1,,0,2,q轴电压前馈补偿
54,decouple_algo,交叉解耦算法,CurrentLoop,RW,uint8_t,1,1,,0,2,0:NONE 1:FEEDFORWARD 2:FEEDBACK
55,bemf_ff_enable,反电势前馈使能,CurrentLoop,RW,uint8_t,1,1,,0,1,0:禁用 1:启用
56,deadtime_comp_enable,死区补偿使能,CurrentLoop,RW,uint8_t,1,0,,0,1,0:禁用 1:启用
57,speed_kp,速度环比例增益,PositionLoop,RW,float,1,0.1,A/(rad/s),0,100,
58,speed_ki,速度环积分增益,PositionLoop,RW,float,1,1,A/rad,0,1000,
59,speed_integral_limit,速度环积分限幅,PositionLoop,RW,float,1,10,A,0,100,
60,velocity_ff_gain,速度前馈增益,PositionLoop,RW,float,1,1,,0,1,
61,accel_ff_gain,加速度前馈增益,PositionLoop,RW,float,1,0,,0,1,
62,position_kp,位置环比例增益,PositionLoop,RW,float,1,10,Hz,0,1000,
63,position_integral_limit,位置环积分限幅,PositionLoop,RW,float,1,0,rad,0,100,
64,friction_coulomb,库仑摩擦力矩,PositionLoop,RW,float,1,0,Nm,0,100,
65,friction_viscous,粘滞摩擦系数,PositionLoop,RW,float,1,0,Nm/(rad/s),0,10,
66,notch_freq_hz,陷波滤波器频率,PositionLoop,RW,float,1,200,Hz,10,1000,
67,notch_width_hz,陷波滤波器带宽,PositionLoop,RW,float,1,20,Hz,1,100,
68,notch_depth_db,陷波滤波器深度,PositionLoop,RW,float,1,40,dB,10,100,
69,notch_enable,陷波滤波器使能,PositionLoop,RW,uint8_t,1,0,,0,1,"0=禁用, 1=启用"
70,speed_bandwidth_hz,速度环带宽,PositionLoop,RW,float,1,100,Hz,10,1000,速度环闭环带宽
71,speed_filter_alpha,速度滤波系数,PositionLoop,RW,float,1,0.05,,0,1,速度观测低通滤波系数
72,position_bandwidth_hz,位置环带宽,PositionLoop,RW,float,1,20,Hz,1,200,位置环闭环带宽
73,impedance_kp,阻抗控制位置刚度,ImpedanceControl,RW,float,1,10,Nm/rad,0,1000,
74,impedance_kd,阻抗控制速度阻尼,ImpedanceControl,RW,float,1,0.1,Nm/(rad/s),0,100,
75,iq_max,最大输出电流,ImpedanceControl,RW,float,1,10,A,0,100,
76,thermal_resistance,电机热阻,ThermalConfig,RW,float,1,1,K/W,0.1,10,绕组到环境的热阻
77,thermal_time_const,热时间常数,ThermalConfig,RW,float,1,60,s,1,600,绕组热时间常数
78,derating_temp_start,降额起始温度,ThermalConfig,RW,float,1,70,C,40,100,开始电流降额的温度
79,protect_over_current,过流保护阈值,Protection,RW,float,1,20,A,1,200,
80,protect_over_voltage,过压保护阈值,Protection,RW,float,1,58,V,20,100,
81,protect_under_voltage,欠压保护阈值,Protection,RW,float,1,15,V,5,30,
82,protect_over_speed,过速保护阈值,Protection,RW,float,1,400,rad/s,10,2000,
85,protect_pos_error,位置跟随误差限制,Protection,RW,int32_t,1,1000,counts,100,100000,
86,protect_enable,保护总使能,Protection,RW,uint32_t,1,1,,0,1,保护功能总使能 0=全部禁用 1=启用(原逐项位掩码简化为总开关)
87,load_sim_dead_zone_rad_s,负载模拟低速死区,LoadSimConfig,RW,float,1,0.5,rad/s,0.05,5,对拖台被动转矩方向跟随的低速死区 死区内零输出防静止抖振
