File_name,flash percent,flash,ram,Code,RO_data,RW_data,ZI_data
stm32g4xx_hal_uart.o,5.553706%,3336,0,3312,24,0,0
stm32g4xx_hal_tim.o,5.310648%,3190,0,3190,0,0,0
mc_w.l,4.924419%,2958,16,2942,0,16,0
stm32g4xx_hal_adc.o,4.628088%,2780,0,2780,0,0,0
arm_cortexM4lf_math.lib,3.908903%,2348,0,296,2052,0,0
printfa.o,3.692482%,2218,0,2218,0,0,0
stm32g4xx_hal_adc_ex.o,3.655857%,2196,0,2196,0,0,0
arm_common_tables.o,3.416128%,2052,0,0,2052,0,0
stm32g4xx_hal_rcc.o,3.163082%,1900,0,1900,0,0,0
motion_param.o,3.006593%,1806,0,1806,0,0,0
tasks.o,2.503829%,1504,300,1444,0,60,240
jm_proto.o,2.327362%,1398,0,1398,0,0,0
stm32g4xx_hal_spi.o,2.320703%,1394,0,1394,0,0,0
mf_w.l,2.194180%,1318,0,1318,0,0,0
m_wm.l,2.147566%,1290,0,1258,32,0,0
motor_control.o,2.001065%,1202,8,1014,180,8,0
dev_motor_phase_current.o,1.971099%,1184,0,1184,0,0,0
foc_core.o,1.794633%,1078,8,1070,0,8,0
stm32g4xx_hal_fdcan.o,1.641473%,986,0,986,0,0,0
stm32g4xx_hal_dma.o,1.591530%,956,0,956,0,0,0
multiturn_counter.o,1.385097%,832,0,832,0,0,0
pid_profile.o,1.315176%,790,356,434,352,4,352
stm32g4xx_hal_rcc_ex.o,1.305187%,784,0,784,0,0,0
tim.o,1.258574%,756,228,756,0,0,228
stm32g4xx_hal_tim_ex.o,1.198642%,720,0,720,0,0,0
port.o,1.188653%,714,12,702,0,12,0
dev_mt6835.o,1.165346%,700,0,700,0,0,0
cascade_control.o,1.102084%,662,0,662,0,0,0
system_state.o,1.088766%,654,0,318,336,0,0
dev_commun_uart.o,1.065459%,640,1644,636,0,4,1640
dev_half_bridge.o,1.038823%,624,0,624,0,0,0
crc16.o,0.925618%,556,0,44,512,0,0
motor_loop.o,0.859026%,516,1664,516,0,0,1664
heap_4.o,0.852367%,512,16416,480,0,32,16384
startup_stm32g474xx.o,0.845708%,508,1536,36,472,0,1536
dev_motor.o,0.767464%,461,23,426,12,23,0
stm32g4xx_hal_gpio.o,0.752481%,452,0,452,0,0,0
packer_parser.o,0.752481%,452,1031,452,0,0,1031
drv_usart.o,0.735833%,442,84,386,56,0,84
adc.o,0.732503%,440,108,440,0,0,108
drv_tim.o,0.682560%,410,0,330,80,0,0
sinf.o,0.665912%,400,0,400,0,0,0
rredf.o,0.619298%,372,0,340,32,0,0
pid_core.o,0.609309%,366,0,366,0,0,0
usart.o,0.572684%,344,340,344,0,0,340
dadd.o,0.556036%,334,0,334,0,0,0
spi.o,0.552707%,332,200,332,0,0,200
ctrl_transition.o,0.529400%,318,0,318,0,0,0
stm32g4xx_hal_uart_ex.o,0.512752%,308,0,292,16,0,0
current_loop.o,0.462809%,278,0,278,0,0,0
jm_proto_uart.o,0.452820%,272,4,268,0,4,0
gpio.o,0.452820%,272,0,272,0,0,0
thread_commun.o,0.419525%,252,0,220,32,0,0
i2c.o,0.419525%,252,84,252,0,0,84
main.o,0.389558%,234,0,234,0,0,0
dmul.o,0.379570%,228,0,228,0,0,0
ddiv.o,0.369581%,222,0,222,0,0,0
stm32g4xx_hal_pwr_ex.o,0.366252%,220,0,220,0,0,0
fdcan.o,0.366252%,220,100,220,0,0,100
drv_spi.o,0.366252%,220,0,204,16,0,0
stm32g4xx_hal_i2c.o,0.339615%,204,0,204,0,0,0
malloc.o,0.312979%,188,0,188,0,0,0
thread_management.o,0.312979%,188,20,188,0,0,20
depilogue.o,0.309649%,186,0,186,0,0,0
fmodf.o,0.293001%,176,0,176,0,0,0
stm32g4xx_hal_i2c_ex.o,0.293001%,176,0,176,0,0,0
drv_rtos.o,0.266365%,160,224,160,0,0,224
stm32g4xx_hal_cortex.o,0.263035%,158,0,158,0,0,0
roundf.o,0.256376%,154,0,154,0,0,0
arm_cos_f32.o,0.253047%,152,0,152,0,0,0
stm32g4xx_it.o,0.246387%,148,0,148,0,0,0
arm_sin_f32.o,0.239728%,144,0,144,0,0,0
dev_config.o,0.238064%,143,0,0,143,0,0
drv_adc.o,0.236399%,142,0,106,36,0,0
list.o,0.229740%,138,0,138,0,0,0
stm32g4xx_hal_timebase_tim.o,0.226410%,136,76,136,0,0,76
dev_dwt_counter.o,0.199774%,120,128,120,0,0,128
drv_gpio.o,0.189785%,114,0,82,32,0,0
floorf.o,0.186455%,112,0,112,0,0,0
fepilogue.o,0.183126%,110,0,110,0,0,0
uldiv.o,0.163148%,98,0,98,0,0,0
ldiv.o,0.163148%,98,0,98,0,0,0
motor_param.o,0.159819%,96,0,96,0,0,0
cmsis_os.o,0.139842%,84,0,84,0,0,0
assert_report.o,0.139842%,84,0,84,0,0,0
app_freertos.o,0.139842%,84,4,48,32,4,0
frem.o,0.136512%,82,0,82,0,0,0
dma.o,0.126523%,76,0,76,0,0,0
cordic.o,0.126523%,76,40,76,0,0,40
stm32g4xx_hal.o,0.116535%,70,12,58,0,12,0
frnd.o,0.099887%,60,0,60,0,0,0
stm32g4xx_hal_msp.o,0.099887%,60,0,60,0,0,0
stm32g4xx_hal_cordic.o,0.089898%,54,0,54,0,0,0
control_irq.o,0.086569%,52,0,52,0,0,0
dfixul.o,0.079909%,48,0,48,0,0,0
cdrcmple.o,0.079909%,48,0,48,0,0,0
drv_dwt_timer.o,0.079909%,48,0,48,0,0,0
uidiv.o,0.073250%,44,0,44,0,0,0
system_stm32g4xx.o,0.073250%,44,4,16,24,4,0
user_interface.o,0.069921%,42,0,42,0,0,0
funder.o,0.063262%,38,0,38,0,0,0
fpclassifyf.o,0.063262%,38,0,38,0,0,0
memseta.o,0.059932%,36,0,36,0,0,0
memcpya.o,0.059932%,36,0,36,0,0,0
llsshr.o,0.059932%,36,0,36,0,0,0
init.o,0.059932%,36,0,36,0,0,0
llushr.o,0.053273%,32,0,32,0,0,0
thread_idle.o,0.053273%,32,0,32,0,0,0
thread_control.o,0.053273%,32,0,32,0,0,0
llshl.o,0.049943%,30,0,30,0,0,0
handlers.o,0.049943%,30,0,30,0,0,0
thread_period.o,0.046614%,28,0,28,0,0,0
thread_display.o,0.046614%,28,0,28,0,0,0
strncpy.o,0.039955%,24,0,24,0,0,0
errno.o,0.026636%,16,4,12,0,4,0
mvars.o,0.013318%,8,8,0,0,8,0
entry9a.o,0.013318%,8,0,8,0,0,0
entry2.o,0.013318%,8,0,8,0,0,0
stdout.o,0.006659%,4,4,0,0,4,0
entry5.o,0.006659%,4,0,4,0,0,0
entry12b.o,0.006659%,4,0,4,0,0,0
