File_name,ram_percent,ram,flash,Code,RO_data,RW_data,ZI_data
heap_4.o,44.317532%,3104,504,472,0,32,3072
startup_stm32g474xx.o,21.930326%,1536,536,64,472,0,1536
runtime_param.o,6.510565%,456,0,0,0,0,456
adc.o,4.683038%,328,1032,1028,0,4,324
tasks.o,4.283267%,300,1454,1394,0,60,240
drv_rtos.o,3.198173%,224,132,132,0,0,224
spi.o,2.855511%,200,328,328,0,0,200
usart.o,2.113078%,148,228,228,0,0,148
fdcan.o,1.427756%,100,220,220,0,0,100
c_w.l,1.370645%,96,692,692,0,0,96
libspace.o,1.370645%,96,8,8,0,0,96
dev_dwt_counter.o,1.256425%,88,100,100,0,0,88
i2c.o,1.199315%,84,252,252,0,0,84
tim.o,1.085094%,76,452,452,0,0,76
stm32g4xx_hal_timebase_tim.o,1.085094%,76,136,136,0,0,76
cordic.o,0.571102%,40,76,76,0,0,40
thread_management.o,0.285551%,20,188,188,0,0,20
stm32g4xx_hal.o,0.171331%,12,70,58,0,12,0
port.o,0.171331%,12,714,702,0,12,0
system_stm32g4xx.o,0.057110%,4,44,16,24,4,0
app_freertos.o,0.057110%,4,84,48,32,4,0
